DELETE 
FROM fate;

DELETE 
FROM favoritedby;

DELETE 
FROM historical;

DELETE 
FROM mapmarker;

DELETE 
FROM tag;

DELETE 
FROM topictags;

DELETE 
FROM user;


insert into historical  (historicalid, historicalname, historicalbio, historicalsizzler, historicalimageURL) values (1, 'Garreth', 'Vestibulum ante ipsum primis in faucibus orci luctus et ultrices posuere cubilia Curae; Duis faucibus accumsan odio. Curabitur convallis.', 'PT03 5975 4060 2202 8413 1401 3', 'http://dummyimage.com/250x250.jpg/dddddd/000000');
insert into historical  (historicalid, historicalname, historicalbio, historicalsizzler, historicalimageURL) values (2, 'Alonzo', 'Mauris ullamcorper purus sit amet nulla. Quisque arcu libero, rutrum ac, lobortis vel, dapibus at, diam.', 'BR77 5176 5998 7143 5373 2904 338C X', 'http://dummyimage.com/250x250.jpg/cc0000/ffffff');
insert into historical  (historicalid, historicalname, historicalbio, historicalsizzler, historicalimageURL) values (3, 'Cal', 'Aliquam sit amet diam in magna bibendum imperdiet. Nullam orci pede, venenatis non, sodales sed, tincidunt eu, felis.', 'GL18 5021 4578 1506 18', 'http://dummyimage.com/250x250.jpg/ff4444/ffffff');
insert into historical  (historicalid, historicalname, historicalbio, historicalsizzler, historicalimageURL) values (4, 'Aidan', 'Praesent lectus. Vestibulum quam sapien, varius ut, blandit non, interdum in, ante.', 'BH70 IGLR 6T8R V8MQ ATJ8 VW', 'http://dummyimage.com/250x250.jpg/5fa2dd/ffffff');
insert into historical  (historicalid, historicalname, historicalbio, historicalsizzler, historicalimageURL) values (5, 'Meaghan', 'Integer ac neque. Duis bibendum.', 'LB46 0169 CNLO NNSZ QZSP VWBW R0WW', 'http://dummyimage.com/250x250.jpg/5fa2dd/ffffff');
insert into historical  (historicalid, historicalname, historicalbio, historicalsizzler, historicalimageURL) values (6, 'Merridie', 'Fusce posuere felis sed lacus. Morbi sem mauris, laoreet ut, rhoncus aliquet, pulvinar sed, nisl.', 'SK18 6381 4536 7786 8100 3198', 'http://dummyimage.com/250x250.jpg/cc0000/ffffff');
insert into historical  (historicalid, historicalname, historicalbio, historicalsizzler, historicalimageURL) values (7, 'Dallis', 'Pellentesque at nulla. Suspendisse potenti.', 'BH07 URHB GDZT KO8V CABI O2', 'http://dummyimage.com/250x250.jpg/dddddd/000000');
insert into historical  (historicalid, historicalname, historicalbio, historicalsizzler, historicalimageURL) values (8, 'Addy', 'Ut at dolor quis odio consequat varius. Integer ac leo.', 'FR11 2870 6069 915B HNHE D6E9 S90', 'http://dummyimage.com/250x250.jpg/5fa2dd/ffffff');
insert into historical  (historicalid, historicalname, historicalbio, historicalsizzler, historicalimageURL) values (9, 'Fayth', 'Morbi vestibulum, velit id pretium iaculis, diam erat fermentum justo, nec condimentum neque sapien placerat ante. Nulla justo.', 'SI51 6304 5815 7527 967', 'http://dummyimage.com/250x250.jpg/ff4444/ffffff');
insert into historical  (historicalid, historicalname, historicalbio, historicalsizzler, historicalimageURL) values (10, 'Erena', 'Suspendisse potenti. Cras in purus eu magna vulputate luctus.', 'LU64 209S P7WE XZSO 0HL7', 'http://dummyimage.com/250x250.jpg/dddddd/000000');
insert into historical  (historicalid, historicalname, historicalbio, historicalsizzler, historicalimageURL) values (11, 'Sophi', 'Proin leo odio, porttitor id, consequat in, consequat ut, nulla. Sed accumsan felis.', 'FR59 2979 0338 90LN IVLL WBT4 V33', 'http://dummyimage.com/250x250.jpg/dddddd/000000');
insert into historical  (historicalid, historicalname, historicalbio, historicalsizzler, historicalimageURL) values (12, 'Trula', 'Aliquam sit amet diam in magna bibendum imperdiet. Nullam orci pede, venenatis non, sodales sed, tincidunt eu, felis.', 'IE18 IVNT 6752 7582 7077 31', 'http://dummyimage.com/250x250.jpg/5fa2dd/ffffff');
insert into historical  (historicalid, historicalname, historicalbio, historicalsizzler, historicalimageURL) values (13, 'Sibeal', 'Morbi sem mauris, laoreet ut, rhoncus aliquet, pulvinar sed, nisl. Nunc rhoncus dui vel sem.', 'KW88 NQOE U75C YUIV 0OJB SPAT QWUG FW', 'http://dummyimage.com/250x250.jpg/ff4444/ffffff');
insert into historical  (historicalid, historicalname, historicalbio, historicalsizzler, historicalimageURL) values (14, 'Isidora', 'Nam ultrices, libero non mattis pulvinar, nulla pede ullamcorper augue, a suscipit nulla elit ac nulla. Sed vel enim sit amet nunc viverra dapibus.', 'BE07 3100 9872 5151', 'http://dummyimage.com/250x250.jpg/ff4444/ffffff');
insert into historical  (historicalid, historicalname, historicalbio, historicalsizzler, historicalimageURL) values (15, 'Trev', 'Morbi a ipsum. Integer a nibh.', 'FR76 7482 4454 189A RU1K WZQY F00', 'http://dummyimage.com/250x250.jpg/cc0000/ffffff');
insert into historical  (historicalid, historicalname, historicalbio, historicalsizzler, historicalimageURL) values (16, 'Hilario', 'Proin eu mi. Nulla ac enim.', 'IT87 M903 0832 2655 LNYP B9Q4 7EJ', 'http://dummyimage.com/250x250.jpg/dddddd/000000');
insert into historical  (historicalid, historicalname, historicalbio, historicalsizzler, historicalimageURL) values (17, 'Tabina', 'Morbi a ipsum. Integer a nibh.', 'MK54 486R O9ZN UM3E O99', 'http://dummyimage.com/250x250.jpg/dddddd/000000');
insert into historical  (historicalid, historicalname, historicalbio, historicalsizzler, historicalimageURL) values (18, 'Witty', 'Nulla tellus. In sagittis dui vel nisl.', 'FR43 4844 5216 23P6 UOZJ 6PH3 L68', 'http://dummyimage.com/250x250.jpg/dddddd/000000');
insert into historical  (historicalid, historicalname, historicalbio, historicalsizzler, historicalimageURL) values (19, 'Kate', 'Duis aliquam convallis nunc. Proin at turpis a pede posuere nonummy.', 'MR49 6006 6427 2805 6182 4282 153', 'http://dummyimage.com/250x250.jpg/ff4444/ffffff');
insert into historical  (historicalid, historicalname, historicalbio, historicalsizzler, historicalimageURL) values (20, 'Ginni', 'Nulla suscipit ligula in lacus. Curabitur at ipsum ac tellus semper interdum.', 'BH63 DCTN FSDO SWNJ LAGG HX', 'http://dummyimage.com/250x250.jpg/dddddd/000000');
insert into historical  (historicalid, historicalname, historicalbio, historicalsizzler, historicalimageURL) values (21, 'Ev', 'Duis mattis egestas metus. Aenean fermentum.', 'GE04 MK60 5150 8868 5487 50', 'http://dummyimage.com/250x250.jpg/cc0000/ffffff');
insert into historical  (historicalid, historicalname, historicalbio, historicalsizzler, historicalimageURL) values (22, 'Maurine', 'Aenean lectus. Pellentesque eget nunc.', 'LV83 LUOX VFUJ NS95 BZ7S L', 'http://dummyimage.com/250x250.jpg/5fa2dd/ffffff');
insert into historical  (historicalid, historicalname, historicalbio, historicalsizzler, historicalimageURL) values (23, 'Cecily', 'Phasellus in felis. Donec semper sapien a libero.', 'FR46 0634 2584 351C DZHW BZ9T Q23', 'http://dummyimage.com/250x250.jpg/5fa2dd/ffffff');
insert into historical  (historicalid, historicalname, historicalbio, historicalsizzler, historicalimageURL) values (24, 'Raimundo', 'Proin interdum mauris non ligula pellentesque ultrices. Phasellus id sapien in sapien iaculis congue.', 'FR24 7109 7287 44CS 1VAR C0NB Q31', 'http://dummyimage.com/250x250.jpg/dddddd/000000');
insert into historical  (historicalid, historicalname, historicalbio, historicalsizzler, historicalimageURL) values (25, 'Opaline', 'Maecenas tristique, est et tempus semper, est quam pharetra magna, ac consequat metus sapien ut nunc. Vestibulum ante ipsum primis in faucibus orci luctus et ultrices posuere cubilia Curae; Mauris viverra diam vitae quam.', 'IS45 7924 8241 6044 6364 0798 62', 'http://dummyimage.com/250x250.jpg/ff4444/ffffff');

insert into fate (fateid, fatename, fatebio, fateimageURL, historicalid) values (1, 'Becka', 'Vestibulum quam sapien, varius ut, blandit non, interdum in, ante. Vestibulum ante ipsum primis in faucibus orci luctus et ultrices posuere cubilia Curae.', 'http://dummyimage.com/250x250.png/cc0000/ffffff', 1);
insert into fate (fateid, fatename, fatebio, fateimageURL, historicalid) values (2, 'Duff', 'Nullam porttitor lacus at turpis. Donec posuere metus vitae ipsum. Aliquam non mauris.', 'http://dummyimage.com/250x250.bmp/dddddd/000000', 2);
insert into fate (fateid, fatename, fatebio, fateimageURL, historicalid) values (3, 'Julio', 'Duis aliquam convallis nunc. Proin at turpis a pede posuere nonummy. Integer non velit.', 'http://dummyimage.com/250x250.jpg/5fa2dd/ffffff', 3);
insert into fate (fateid, fatename, fatebio, fateimageURL, historicalid) values (4, 'Loreen', 'Fusce consequat. Nulla nisl. Nunc nisl.', 'http://dummyimage.com/250x250.png/dddddd/000000', 4);
insert into fate (fateid, fatename, fatebio, fateimageURL, historicalid) values (5, 'Matias', 'Integer ac leo. Pellentesque ultrices mattis odio. Donec vitae nisi.', 'http://dummyimage.com/250x250.bmp/5fa2dd/ffffff', 5);
insert into fate (fateid, fatename, fatebio, fateimageURL, historicalid) values (6, 'Polly', 'Integer ac leo. Pellentesque ultrices mattis odio. Donec vitae nisi.', 'http://dummyimage.com/250x250.bmp/dddddd/000000', 6);
insert into fate (fateid, fatename, fatebio, fateimageURL, historicalid) values (7, 'Cecilius', 'In sagittis dui vel nisl. Duis ac nibh. Fusce lacus purus, aliquet at, feugiat non, pretium quis, lectus.', 'http://dummyimage.com/250x250.png/5fa2dd/ffffff', 7);
insert into fate (fateid, fatename, fatebio, fateimageURL, historicalid) values (8, 'Sanson', 'Fusce posuere felis sed lacus. Morbi sem mauris, laoreet ut, rhoncus aliquet, pulvinar sed, nisl. Nunc rhoncus dui vel sem.', 'http://dummyimage.com/250x250.bmp/5fa2dd/ffffff', 8);
insert into fate (fateid, fatename, fatebio, fateimageURL, historicalid) values (9, 'Jesselyn', 'In sagittis dui vel nisl. Duis ac nibh. Fusce lacus purus, aliquet at, feugiat non, pretium quis, lectus.', 'http://dummyimage.com/250x250.bmp/5fa2dd/ffffff', 9);
insert into fate (fateid, fatename, fatebio, fateimageURL, historicalid) values (10, 'Rab', 'Phasellus sit amet erat. Nulla tempus. Vivamus in felis eu sapien cursus vestibulum.', 'http://dummyimage.com/250x250.jpg/5fa2dd/ffffff', 10);
insert into fate (fateid, fatename, fatebio, fateimageURL, historicalid) values (11, 'Ignacio', 'In sagittis dui vel nisl. Duis ac nibh. Fusce lacus purus, aliquet at, feugiat non, pretium quis, lectus.', 'http://dummyimage.com/250x250.bmp/dddddd/000000', 11);
insert into fate (fateid, fatename, fatebio, fateimageURL, historicalid) values (12, 'Ravid', 'Duis consequat dui nec nisi volutpat eleifend. Donec ut dolor. Morbi vel lectus in quam fringilla rhoncus.', 'http://dummyimage.com/250x250.jpg/dddddd/000000', 12);
insert into fate (fateid, fatename, fatebio, fateimageURL, historicalid) values (13, 'Serene', 'Duis bibendum. Morbi non quam nec dui luctus rutrum. Nulla tellus.', 'http://dummyimage.com/250x250.jpg/ff4444/ffffff', 13);
insert into fate (fateid, fatename, fatebio, fateimageURL, historicalid) values (14, 'Clerc', 'Aenean fermentum. Donec ut mauris eget massa tempor convallis. Nulla neque libero, convallis eget, eleifend luctus, ultricies eu, nibh.', 'http://dummyimage.com/250x250.jpg/cc0000/ffffff', 14);
insert into fate (fateid, fatename, fatebio, fateimageURL, historicalid) values (15, 'Gayler', 'Morbi non lectus. Aliquam sit amet diam in magna bibendum imperdiet. Nullam orci pede, venenatis non, sodales sed, tincidunt eu, felis.', 'http://dummyimage.com/250x250.png/5fa2dd/ffffff', 15);
insert into fate (fateid, fatename, fatebio, fateimageURL, historicalid) values (16, 'Cate', 'Nam ultrices, libero non mattis pulvinar, nulla pede ullamcorper augue, a suscipit nulla elit ac nulla. Sed vel enim sit amet nunc viverra dapibus. Nulla suscipit ligula in lacus.', 'http://dummyimage.com/250x250.jpg/dddddd/000000', 16);
insert into fate (fateid, fatename, fatebio, fateimageURL, historicalid) values (17, 'Emyle', 'In hac habitasse platea dictumst. Etiam faucibus cursus urna. Ut tellus.', 'http://dummyimage.com/250x250.bmp/cc0000/ffffff', 17);
insert into fate (fateid, fatename, fatebio, fateimageURL, historicalid) values (18, 'Jordanna', 'In sagittis dui vel nisl. Duis ac nibh. Fusce lacus purus, aliquet at, feugiat non, pretium quis, lectus.', 'http://dummyimage.com/250x250.jpg/cc0000/ffffff', 18);
insert into fate (fateid, fatename, fatebio, fateimageURL, historicalid) values (19, 'Idalia', 'Maecenas tristique, est et tempus semper, est quam pharetra magna, ac consequat metus sapien ut nunc. Vestibulum ante ipsum primis in faucibus orci luctus et ultrices posuere cubilia Curae; Mauris viverra diam vitae quam. Suspendisse potenti.', 'http://dummyimage.com/250x250.bmp/ff4444/ffffff', 19);
insert into fate (fateid, fatename, fatebio, fateimageURL, historicalid) values (20, 'Crawford', 'Vestibulum ac est lacinia nisi venenatis tristique. Fusce congue, diam id ornare imperdiet, sapien urna pretium nisl, ut volutpat sapien arcu sed augue. Aliquam erat volutpat.', 'http://dummyimage.com/250x250.bmp/ff4444/ffffff', 20);
insert into fate (fateid, fatename, fatebio, fateimageURL, historicalid) values (21, 'Donni', 'Mauris enim leo, rhoncus sed, vestibulum sit amet, cursus id, turpis. Integer aliquet, massa id lobortis convallis, tortor risus dapibus augue, vel accumsan tellus nisi eu orci. Mauris lacinia sapien quis libero.', 'http://dummyimage.com/250x250.png/ff4444/ffffff', 21);
insert into fate (fateid, fatename, fatebio, fateimageURL, historicalid) values (22, 'Roda', 'Donec diam neque, vestibulum eget, vulputate ut, ultrices vel, augue. Vestibulum ante ipsum primis in faucibus orci luctus et ultrices posuere cubilia Curae. Integer ac neque.', 'http://dummyimage.com/250x250.png/dddddd/000000', 22);
insert into fate (fateid, fatename, fatebio, fateimageURL, historicalid) values (23, 'Phillis', 'In quis justo. Maecenas rhoncus aliquam lacus. Morbi quis tortor id nulla ultrices aliquet.', 'http://dummyimage.com/250x250.bmp/cc0000/ffffff', 23);
insert into fate (fateid, fatename, fatebio, fateimageURL, historicalid) values (24, 'Vaughn', 'Vestibulum ac est lacinia nisi venenatis tristique. Fusce congue, diam id ornare imperdiet, sapien urna pretium nisl, ut volutpat sapien arcu sed augue. Aliquam erat volutpat.', 'http://dummyimage.com/250x250.jpg/ff4444/ffffff', 24);
insert into fate (fateid, fatename, fatebio, fateimageURL, historicalid) values (25, 'Diego', 'Fusce posuere felis sed lacus. Morbi sem mauris, laoreet ut, rhoncus aliquet, pulvinar sed, nisl. Nunc rhoncus dui vel sem.', 'http://dummyimage.com/250x250.jpg/5fa2dd/ffffff', 25);

insert into mapmarker (mapmarkerid, title, snippet, latitude , longtitude, fateid) values (1, 'Stebnyk', 'Cum sociis natoque penatibus et magnis dis parturient montes, nascetur ridiculus mus. Etiam vel augue.', 49.30155, -14.2697392, 14);
insert into mapmarker (mapmarkerid, title, snippet, latitude , longtitude, fateid) values (2, 'Summerland', 'Duis ac nibh. Fusce lacus purus, aliquet at, feugiat non, pretium quis, lectus.', '49.59977', 53.0319419, 20);
insert into mapmarker (mapmarkerid, title, snippet, latitude , longtitude, fateid) values (3, 'Nantes', 'In hac habitasse platea dictumst. Etiam faucibus cursus urna.', 47.2174874, 34.1289479, 7);
insert into mapmarker (mapmarkerid, title, snippet, latitude , longtitude, fateid) values (4, 'Larache', 'Donec semper sapien a libero. Nam dui.', 35.1744271, -7.5450262, 24);
insert into mapmarker (mapmarkerid, title, snippet, latitude , longtitude, fateid) values (5, 'Oro Timur', 'Maecenas leo odio, condimentum id, luctus nec, molestie sed, justo. Pellentesque viverra pede ac diam.', -7.9060665, 34.4822519, 24);
insert into mapmarker (mapmarkerid, title, snippet, latitude , longtitude, fateid) values (6, 'Huntsville', 'Proin risus. Praesent lectus.', 34.7299999, 48.4018664, 10);
insert into mapmarker (mapmarkerid, title, snippet, latitude , longtitude, fateid) values (7, 'Al Qardāḩah', 'Suspendisse potenti. Cras in purus eu magna vulputate luctus.', 35.3772103, 32.0188765, 14);
insert into mapmarker (mapmarkerid, title, snippet, latitude , longtitude, fateid) values (8, 'Suka Makmue', 'In quis justo. Maecenas rhoncus aliquam lacus.', 4.1772002, 28.821772, 10);
insert into mapmarker (mapmarkerid, title, snippet, latitude , longtitude, fateid) values (9, 'Pakembangan', 'Duis bibendum, felis sed interdum venenatis, turpis enim blandit mi, in porttitor pede justo eu massa. Donec dapibus.', -7.0130494, -28.4836381, 5);
insert into mapmarker (mapmarkerid, title, snippet, latitude , longtitude, fateid) values (10, 'Val-d''Or', 'Morbi non lectus. Aliquam sit amet diam in magna bibendum imperdiet.', 48.1041936, 57.6902027, 7);
insert into mapmarker (mapmarkerid, title, snippet, latitude , longtitude, fateid) values (11, 'Pogwizdów', 'In congue. Etiam justo.', 49.8073475, 37.7789529, 20);
insert into mapmarker (mapmarkerid, title, snippet, latitude , longtitude, fateid) values (12, 'Täby', 'Duis bibendum, felis sed interdum venenatis, turpis enim blandit mi, in porttitor pede justo eu massa. Donec dapibus.', 59.4445121, 49.9749295, 13);
insert into mapmarker (mapmarkerid, title, snippet, latitude , longtitude, fateid) values (13, 'Sidokumpul', 'Curabitur at ipsum ac tellus semper interdum. Mauris ullamcorper purus sit amet nulla.', -7.4516994, 17.7409147, 18);
insert into mapmarker (mapmarkerid, title, snippet, latitude , longtitude, fateid) values (14, 'San Manuel', 'Etiam faucibus cursus urna. Ut tellus.', 16.065782, 32.890479, 6);
insert into mapmarker (mapmarkerid, title, snippet, latitude , longtitude, fateid) values (15, 'Shijie', 'Vestibulum ante ipsum primis in faucibus orci luctus et ultrices posuere cubilia Curae; Donec pharetra, magna vestibulum aliquet ultrices, erat tortor sollicitudin mi, sit amet lobortis sapien sapien non mi. Integer ac neque.', 23.09964, 14.0654264, 23);
insert into mapmarker (mapmarkerid, title, snippet, latitude , longtitude, fateid) values (16, 'Koton Karifi', 'Donec vitae nisi. Nam ultrices, libero non mattis pulvinar, nulla pede ullamcorper augue, a suscipit nulla elit ac nulla.', '8.1', 28.438851, 25);
insert into mapmarker (mapmarkerid, title, snippet, latitude , longtitude, fateid) values (17, 'Madrid', 'Aliquam sit amet diam in magna bibendum imperdiet. Nullam orci pede, venenatis non, sodales sed, tincidunt eu, felis.', 40.4869744, -25.6221943, 4);
insert into mapmarker (mapmarkerid, title, snippet, latitude , longtitude, fateid) values (18, 'Septfontaines', 'Nulla facilisi. Cras non velit nec nisi vulputate nonummy.', 49.7002226, 35.201931, 18);
insert into mapmarker (mapmarkerid, title, snippet, latitude , longtitude, fateid) values (19, 'Aourir', 'Cum sociis natoque penatibus et magnis dis parturient montes, nascetur ridiculus mus. Etiam vel augue.', 30.511343, 14.526832, 6);
insert into mapmarker (mapmarkerid, title, snippet, latitude , longtitude, fateid) values (20, 'Tangjiapo', 'Aliquam non mauris. Morbi non lectus.', 22.806457, 49.6875145, 3);
insert into mapmarker (mapmarkerid, title, snippet, latitude , longtitude, fateid) values (21, 'Xiangjia', 'Ut tellus. Nulla ut erat id mauris vulputate elementum.', 39.8833665, 35.2219554, 19);
insert into mapmarker (mapmarkerid, title, snippet, latitude , longtitude, fateid) values (22, 'Mahébourg', 'Duis at velit eu est congue elementum. In hac habitasse platea dictumst.', -20.4059505, -26.1514859, 24);
insert into mapmarker (mapmarkerid, title, snippet, latitude , longtitude, fateid) values (23, 'Jazovo', 'Ut tellus. Nulla ut erat id mauris vulputate elementum.', 45.8987694, 23.354091, 13);
insert into mapmarker (mapmarkerid, title, snippet, latitude , longtitude, fateid) values (24, 'Pedra Azul', 'Donec ut dolor. Morbi vel lectus in quam fringilla rhoncus.', -16.0047799, 58.7786849, 9);
insert into mapmarker (mapmarkerid, title, snippet, latitude , longtitude, fateid) values (25, 'Dodola', 'Praesent lectus. Vestibulum quam sapien, varius ut, blandit non, interdum in, ante.', 6.9791945, 22.8275824, 7);
insert into mapmarker (mapmarkerid, title, snippet, latitude , longtitude, fateid) values (26, 'Åkersberga', 'Maecenas ut massa quis augue luctus tincidunt. Nulla mollis molestie lorem.', 59.4871523, 36.067108, 15);
insert into mapmarker (mapmarkerid, title, snippet, latitude , longtitude, fateid) values (27, 'Stockholm', 'Mauris lacinia sapien quis libero. Nullam sit amet turpis elementum ligula vehicula consequat.', 59.33549, 16.5245838, 8);
insert into mapmarker (mapmarkerid, title, snippet, latitude , longtitude, fateid) values (28, 'Dewetsdorp', 'Duis bibendum. Morbi non quam nec dui luctus rutrum.', -29.5917671, 39.800607, 1);
insert into mapmarker (mapmarkerid, title, snippet, latitude , longtitude, fateid) values (29, 'Ede', 'Donec ut dolor. Morbi vel lectus in quam fringilla rhoncus.', 52.0442252, 30.688741, 19);
insert into mapmarker (mapmarkerid, title, snippet, latitude , longtitude, fateid) values (30, 'Shixi', 'Morbi sem mauris, laoreet ut, rhoncus aliquet, pulvinar sed, nisl. Nunc rhoncus dui vel sem.', 28.438851, '37.08571', 9);
insert into mapmarker (mapmarkerid, title, snippet, latitude , longtitude, fateid) values (31, 'Gus’-Zheleznyy', 'In tempor, turpis nec euismod scelerisque, quam turpis adipiscing lorem, vitae mattis nibh ligula nec sem. Duis aliquam convallis nunc.', 55.0488923, 16.4328151, 20);
insert into mapmarker (mapmarkerid, title, snippet, latitude , longtitude, fateid) values (32, 'Banjar Bau Kawan', 'Donec vitae nisi. Nam ultrices, libero non mattis pulvinar, nulla pede ullamcorper augue, a suscipit nulla elit ac nulla.', -5.456385, 41.9575515, 16);
insert into mapmarker (mapmarkerid, title, snippet, latitude , longtitude, fateid) values (33, 'Yantang', 'Vestibulum rutrum rutrum neque. Aenean auctor gravida sem.', 23.15998, '51.883', 17);
insert into mapmarker (mapmarkerid, title, snippet, latitude , longtitude, fateid) values (34, 'Zselickislak', 'Fusce congue, diam id ornare imperdiet, sapien urna pretium nisl, ut volutpat sapien arcu sed augue. Aliquam erat volutpat.', 46.283972, 18.6967739, 5);
insert into mapmarker (mapmarkerid, title, snippet, latitude , longtitude, fateid) values (35, 'Nurlat', 'Aenean auctor gravida sem. Praesent id massa id nisl venenatis lacinia.', 54.3231922, 53.9384912, 25);
insert into mapmarker (mapmarkerid, title, snippet, latitude , longtitude, fateid) values (36, 'Krasnoarmeysk', 'Curabitur convallis. Duis consequat dui nec nisi volutpat eleifend.', 56.1060907, 7.0513571, 2);
insert into mapmarker (mapmarkerid, title, snippet, latitude , longtitude, fateid) values (37, 'Lublin', 'Proin at turpis a pede posuere nonummy. Integer non velit.', 51.2760107, '49.18306', 2);
insert into mapmarker (mapmarkerid, title, snippet, latitude , longtitude, fateid) values (38, 'Dongdajie', 'Nulla facilisi. Cras non velit nec nisi vulputate nonummy.', 38.1008157, 27.4323703, 2);
insert into mapmarker (mapmarkerid, title, snippet, latitude , longtitude, fateid) values (39, 'Lavezares', 'Vivamus metus arcu, adipiscing molestie, hendrerit at, vulputate vitae, nisl. Aenean lectus.', 12.5369765, 49.1744199, 16);
insert into mapmarker (mapmarkerid, title, snippet, latitude , longtitude, fateid) values (40, 'Firavitoba', 'Vestibulum ante ipsum primis in faucibus orci luctus et ultrices posuere cubilia Curae; Mauris viverra diam vitae quam. Suspendisse potenti.', 5.668899, 23.597098, 24);
insert into mapmarker (mapmarkerid, title, snippet, latitude , longtitude, fateid) values (41, 'Chyšky', 'Pellentesque at nulla. Suspendisse potenti.', 49.5234905, 40.4249808, 18);
insert into mapmarker (mapmarkerid, title, snippet, latitude , longtitude, fateid) values (42, 'Tremembé', 'Pellentesque viverra pede ac diam. Cras pellentesque volutpat dui.', -22.9916783, -21.0277616, 22);
insert into mapmarker (mapmarkerid, title, snippet, latitude , longtitude, fateid) values (43, 'Larnaca', 'Pellentesque at nulla. Suspendisse potenti.', 34.9002535, 39.4305733, 8);
insert into mapmarker (mapmarkerid, title, snippet, latitude , longtitude, fateid) values (44, 'Nova Viçosa', 'Etiam vel augue. Vestibulum rutrum rutrum neque.', -17.8938032, -8.8026959, 6);
insert into mapmarker (mapmarkerid, title, snippet, latitude , longtitude, fateid) values (45, 'Changqi', 'Nunc rhoncus dui vel sem. Sed sagittis.', 21.808052, 31.830362, 12);
insert into mapmarker (mapmarkerid, title, snippet, latitude , longtitude, fateid) values (46, 'Dawe', 'Morbi ut odio. Cras mi pede, malesuada in, imperdiet et, commodo vulputate, justo.', -6.7014461, 32.5609226, 11);
insert into mapmarker (mapmarkerid, title, snippet, latitude , longtitude, fateid) values (47, 'Kut Chap', 'Nullam sit amet turpis elementum ligula vehicula consequat. Morbi a ipsum.', 17.4214483, 25.130594, 14);
insert into mapmarker (mapmarkerid, title, snippet, latitude , longtitude, fateid) values (48, 'Atok', 'Mauris lacinia sapien quis libero. Nullam sit amet turpis elementum ligula vehicula consequat.', 14.6306039, 6.9894573, 13);
insert into mapmarker (mapmarkerid, title, snippet, latitude , longtitude, fateid) values (49, 'Cabugao', 'In hac habitasse platea dictumst. Aliquam augue quam, sollicitudin vitae, consectetuer eget, rutrum at, lorem.', 17.8200009, -3.9107889, 18);
insert into mapmarker (mapmarkerid, title, snippet, latitude , longtitude, fateid) values (50, 'Sorongan', 'Aenean auctor gravida sem. Praesent id massa id nisl venenatis lacinia.', -6.7513288, -33.229046, 6);
insert into mapmarker (mapmarkerid, title, snippet, latitude , longtitude, fateid) values (51, 'São Gabriel', 'Cum sociis natoque penatibus et magnis dis parturient montes, nascetur ridiculus mus. Etiam vel augue.', -30.2915042, 33.8761249, 13);
insert into mapmarker (mapmarkerid, title, snippet, latitude , longtitude, fateid) values (52, 'Mérignac', 'In hac habitasse platea dictumst. Etiam faucibus cursus urna.', 47.9544744, 56.1114024, 16);
insert into mapmarker (mapmarkerid, title, snippet, latitude , longtitude, fateid) values (53, 'Lammi', 'Nulla tempus. Vivamus in felis eu sapien cursus vestibulum.', 60.3891548, 40.7174599, 4);
insert into mapmarker (mapmarkerid, title, snippet, latitude , longtitude, fateid) values (54, 'Reshui', 'Duis at velit eu est congue elementum. In hac habitasse platea dictumst.', 36.219687, 51.7920135, 9);
insert into mapmarker (mapmarkerid, title, snippet, latitude , longtitude, fateid) values (55, 'Vnanje Gorice', 'Cras in purus eu magna vulputate luctus. Cum sociis natoque penatibus et magnis dis parturient montes, nascetur ridiculus mus.', 45.9701086, 10.8833332, 7);
insert into mapmarker (mapmarkerid, title, snippet, latitude , longtitude, fateid) values (56, 'Mykonos', 'In hac habitasse platea dictumst. Aliquam augue quam, sollicitudin vitae, consectetuer eget, rutrum at, lorem.', 37.4467354, 30.3458998, 18);
insert into mapmarker (mapmarkerid, title, snippet, latitude , longtitude, fateid) values (57, 'Kuryłówka', 'Fusce posuere felis sed lacus. Morbi sem mauris, laoreet ut, rhoncus aliquet, pulvinar sed, nisl.', 50.3068281, 19.4873902, 25);
insert into mapmarker (mapmarkerid, title, snippet, latitude , longtitude, fateid) values (58, 'Marjayoûn', 'Fusce consequat. Nulla nisl.', 33.3594755, 15.1766973, 18);
insert into mapmarker (mapmarkerid, title, snippet, latitude , longtitude, fateid) values (59, 'Javalera', 'Vestibulum quam sapien, varius ut, blandit non, interdum in, ante. Vestibulum ante ipsum primis in faucibus orci luctus et ultrices posuere cubilia Curae; Duis faucibus accumsan odio.', 14.4937408, -26.4355066, 14);
insert into mapmarker (mapmarkerid, title, snippet, latitude , longtitude, fateid) values (60, 'Al Wardānīn', 'Proin at turpis a pede posuere nonummy. Integer non velit.', '35.70915', -8.0644078, 8);
insert into mapmarker (mapmarkerid, title, snippet, latitude , longtitude, fateid) values (61, 'Yuyao', 'Ut tellus. Nulla ut erat id mauris vulputate elementum.', 30.037192, 47.9956173, 24);
insert into mapmarker (mapmarkerid, title, snippet, latitude , longtitude, fateid) values (62, 'Torre', 'Maecenas tincidunt lacus at velit. Vivamus vel nulla eget eros elementum pellentesque.', 41.1856135, 38.4490819, 25);
insert into mapmarker (mapmarkerid, title, snippet, latitude , longtitude, fateid) values (63, 'Yuecheng', 'Phasellus id sapien in sapien iaculis congue. Vivamus metus arcu, adipiscing molestie, hendrerit at, vulputate vitae, nisl.', 29.988244, -21.7300823, 20);
insert into mapmarker (mapmarkerid, title, snippet, latitude , longtitude, fateid) values (64, 'Bené Beraq', 'Nulla neque libero, convallis eget, eleifend luctus, ultricies eu, nibh. Quisque id justo sit amet sapien dignissim vestibulum.', 32.084932, 35.083703, 20);
insert into mapmarker (mapmarkerid, title, snippet, latitude , longtitude, fateid) values (65, 'Kthella e Epërme', 'Nulla facilisi. Cras non velit nec nisi vulputate nonummy.', '41.81194', 46.4536674, 23);
insert into mapmarker (mapmarkerid, title, snippet, latitude , longtitude, fateid) values (66, 'Gromadka', 'Morbi a ipsum. Integer a nibh.', 51.361479, 42.896821, 25);
insert into mapmarker (mapmarkerid, title, snippet, latitude , longtitude, fateid) values (67, 'Évry', 'Aenean lectus. Pellentesque eget nunc.', 48.6277459, 45.6138162, 8);
insert into mapmarker (mapmarkerid, title, snippet, latitude , longtitude, fateid) values (68, 'Mainri', 'Vestibulum sed magna at nunc commodo placerat. Praesent blandit.', 28.541342, 51.3879616, 14);
insert into mapmarker (mapmarkerid, title, snippet, latitude , longtitude, fateid) values (69, 'København', 'Maecenas rhoncus aliquam lacus. Morbi quis tortor id nulla ultrices aliquet.', 44.351935, 40.400903, 2);
insert into mapmarker (mapmarkerid, title, snippet, latitude , longtitude, fateid) values (70, 'Oakville', 'Vivamus vel nulla eget eros elementum pellentesque. Quisque porta volutpat erat.', 43.4794825, 47.4997688, 22);
insert into mapmarker (mapmarkerid, title, snippet, latitude , longtitude, fateid) values (71, 'Valle Grande', 'Duis bibendum. Morbi non quam nec dui luctus rutrum.', -34.5128294, -6.2835218, 20);
insert into mapmarker (mapmarkerid, title, snippet, latitude , longtitude, fateid) values (72, 'Leeuwarden', 'Donec odio justo, sollicitudin ut, suscipit a, feugiat et, eros. Vestibulum ac est lacinia nisi venenatis tristique.', 53.2012042, 43.4945737, 14);
insert into mapmarker (mapmarkerid, title, snippet, latitude , longtitude, fateid) values (73, 'Dayou', 'Vestibulum rutrum rutrum neque. Aenean auctor gravida sem.', 26.141854, -6.3865373, 24);
insert into mapmarker (mapmarkerid, title, snippet, latitude , longtitude, fateid) values (74, 'Bancak Wetan', 'Maecenas pulvinar lobortis est. Phasellus sit amet erat.', -7.5273, -19.54172, 18);
insert into mapmarker (mapmarkerid, title, snippet, latitude , longtitude, fateid) values (75, 'Karangkeng', 'Integer ac neque. Duis bibendum.', 1.4862816, 34.0375944, 3);

insert into tag (tagid, tagname) values (1, 'Queer');
insert into tag (tagid, tagname) values (2, 'Comedy|Drama');
insert into tag (tagid, tagname) values (3, 'Animation|Children|Comedy');
insert into tag (tagid, tagname) values (4, 'LGBT');
insert into tag (tagid, tagname) values (5, 'Depressing');
insert into tag (tagid, tagname) values (6, 'Action|Adventure|Crime|Thriller');
insert into tag (tagid, tagname) values (7, 'Action|Drama|War');
insert into tag (tagid, tagname) values (8, 'Dairy-Free');
insert into tag (tagid, tagname) values (9, 'Sci-Fi|IMAX');
insert into tag (tagid, tagname) values (10, 'Comedy');
insert into tag (tagid, tagname) values (11, 'Action|Western');
insert into tag (tagid, tagname) values (12, 'Documentary');
insert into tag (tagid, tagname) values (13, 'Drama|Romance|Thriller|War');
insert into tag (tagid, tagname) values (14, 'Drama');
insert into tag (tagid, tagname) values (15, 'Comedy');

insert into topictags (fateid, tagid) values (1, 1);
insert into topictags (fateid, tagid) values (1, 7);
insert into topictags (fateid, tagid) values (1, 10);
insert into topictags (fateid, tagid) values (1, 13);
insert into topictags (fateid, tagid) values (1, 14);
insert into topictags (fateid, tagid) values (1, 15);
insert into topictags (fateid, tagid) values (2, 7);
insert into topictags (fateid, tagid) values (2, 8);
insert into topictags (fateid, tagid) values (2, 11);
insert into topictags (fateid, tagid) values (2, 13);
insert into topictags (fateid, tagid) values (3, 2);
insert into topictags (fateid, tagid) values (3, 3);
insert into topictags (fateid, tagid) values (3, 4);
insert into topictags (fateid, tagid) values (3, 7);
insert into topictags (fateid, tagid) values (3, 9);
insert into topictags (fateid, tagid) values (3, 10);
insert into topictags (fateid, tagid) values (3, 14);
insert into topictags (fateid, tagid) values (4, 3);
insert into topictags (fateid, tagid) values (4, 5);
insert into topictags (fateid, tagid) values (4, 6);
insert into topictags (fateid, tagid) values (4, 11);
insert into topictags (fateid, tagid) values (4, 12);
insert into topictags (fateid, tagid) values (4, 13);
insert into topictags (fateid, tagid) values (4, 14);
insert into topictags (fateid, tagid) values (4, 15);
insert into topictags (fateid, tagid) values (5, 1);
insert into topictags (fateid, tagid) values (5, 2);
insert into topictags (fateid, tagid) values (5, 6);
insert into topictags (fateid, tagid) values (5, 10);
insert into topictags (fateid, tagid) values (5, 12);
insert into topictags (fateid, tagid) values (6, 8);
insert into topictags (fateid, tagid) values (6, 9);
insert into topictags (fateid, tagid) values (6, 12);
insert into topictags (fateid, tagid) values (6, 14);
insert into topictags (fateid, tagid) values (7, 2);
insert into topictags (fateid, tagid) values (7, 4);
insert into topictags (fateid, tagid) values (7, 7);
insert into topictags (fateid, tagid) values (7, 10);
insert into topictags (fateid, tagid) values (7, 11);
insert into topictags (fateid, tagid) values (8, 2);
insert into topictags (fateid, tagid) values (8, 4);
insert into topictags (fateid, tagid) values (8, 7);
insert into topictags (fateid, tagid) values (8, 8);
insert into topictags (fateid, tagid) values (8, 12);
insert into topictags (fateid, tagid) values (9, 3);
insert into topictags (fateid, tagid) values (9, 6);
insert into topictags (fateid, tagid) values (9, 7);
insert into topictags (fateid, tagid) values (9, 11);
insert into topictags (fateid, tagid) values (9, 12);
insert into topictags (fateid, tagid) values (9, 13);
insert into topictags (fateid, tagid) values (9, 15);
insert into topictags (fateid, tagid) values (10, 1);
insert into topictags (fateid, tagid) values (10, 8);
insert into topictags (fateid, tagid) values (10, 9);
insert into topictags (fateid, tagid) values (10, 10);
insert into topictags (fateid, tagid) values (10, 14);
insert into topictags (fateid, tagid) values (10, 15);
insert into topictags (fateid, tagid) values (10, 17);
insert into topictags (fateid, tagid) values (11, 1);
insert into topictags (fateid, tagid) values (11, 3);
insert into topictags (fateid, tagid) values (11, 4);
insert into topictags (fateid, tagid) values (11, 6);
insert into topictags (fateid, tagid) values (11, 7);
insert into topictags (fateid, tagid) values (11, 8);
insert into topictags (fateid, tagid) values (11, 10);
insert into topictags (fateid, tagid) values (11, 11);
insert into topictags (fateid, tagid) values (11, 12);
insert into topictags (fateid, tagid) values (11, 13);
insert into topictags (fateid, tagid) values (11, 14);
insert into topictags (fateid, tagid) values (11, 15);
insert into topictags (fateid, tagid) values (11, 17);
insert into topictags (fateid, tagid) values (11, 22);
insert into topictags (fateid, tagid) values (12, 2);
insert into topictags (fateid, tagid) values (12, 5);
insert into topictags (fateid, tagid) values (12, 6);
insert into topictags (fateid, tagid) values (12, 13);
insert into topictags (fateid, tagid) values (12, 14);
insert into topictags (fateid, tagid) values (13, 1);
insert into topictags (fateid, tagid) values (13, 3);
insert into topictags (fateid, tagid) values (13, 4);
insert into topictags (fateid, tagid) values (13, 7);
insert into topictags (fateid, tagid) values (13, 8);
insert into topictags (fateid, tagid) values (13, 9);
insert into topictags (fateid, tagid) values (13, 13);
insert into topictags (fateid, tagid) values (13, 14);
insert into topictags (fateid, tagid) values (13, 15);
insert into topictags (fateid, tagid) values (14, 5);
insert into topictags (fateid, tagid) values (14, 10);
insert into topictags (fateid, tagid) values (15, 8);
insert into topictags (fateid, tagid) values (15, 12);
insert into topictags (fateid, tagid) values (15, 13);
insert into topictags (fateid, tagid) values (16, 6);
insert into topictags (fateid, tagid) values (16, 11);
insert into topictags (fateid, tagid) values (16, 12);
insert into topictags (fateid, tagid) values (17, 2);
insert into topictags (fateid, tagid) values (17, 6);
insert into topictags (fateid, tagid) values (17, 9);
insert into topictags (fateid, tagid) values (17, 13);
insert into topictags (fateid, tagid) values (18, 3);
insert into topictags (fateid, tagid) values (18, 5);
insert into topictags (fateid, tagid) values (18, 6);
insert into topictags (fateid, tagid) values (18, 7);
insert into topictags (fateid, tagid) values (18, 8);
insert into topictags (fateid, tagid) values (18, 13);
insert into topictags (fateid, tagid) values (19, 2);
insert into topictags (fateid, tagid) values (19, 3);
insert into topictags (fateid, tagid) values (19, 4);
insert into topictags (fateid, tagid) values (19, 5);
insert into topictags (fateid, tagid) values (19, 6);
insert into topictags (fateid, tagid) values (19, 9);
insert into topictags (fateid, tagid) values (19, 10);
insert into topictags (fateid, tagid) values (19, 11);
insert into topictags (fateid, tagid) values (19, 12);
insert into topictags (fateid, tagid) values (19, 14);
insert into topictags (fateid, tagid) values (20, 8);
insert into topictags (fateid, tagid) values (20, 11);
insert into topictags (fateid, tagid) values (20, 12);
insert into topictags (fateid, tagid) values (20, 13);
insert into topictags (fateid, tagid) values (20, 14);
insert into topictags (fateid, tagid) values (20, 17);
insert into topictags (fateid, tagid) values (21, 1);
insert into topictags (fateid, tagid) values (21, 3);
insert into topictags (fateid, tagid) values (21, 6);
insert into topictags (fateid, tagid) values (21, 9);
insert into topictags (fateid, tagid) values (21, 13);
insert into topictags (fateid, tagid) values (21, 14);
insert into topictags (fateid, tagid) values (22, 2);
insert into topictags (fateid, tagid) values (22, 4);
insert into topictags (fateid, tagid) values (22, 6);
insert into topictags (fateid, tagid) values (22, 7);
insert into topictags (fateid, tagid) values (22, 9);
insert into topictags (fateid, tagid) values (22, 13);
insert into topictags (fateid, tagid) values (22, 14);
insert into topictags (fateid, tagid) values (22, 15);
insert into topictags (fateid, tagid) values (23, 1);
insert into topictags (fateid, tagid) values (23, 3);
insert into topictags (fateid, tagid) values (23, 7);
insert into topictags (fateid, tagid) values (23, 8);
insert into topictags (fateid, tagid) values (23, 9);
insert into topictags (fateid, tagid) values (23, 12);
insert into topictags (fateid, tagid) values (23, 15);
insert into topictags (fateid, tagid) values (24, 1);
insert into topictags (fateid, tagid) values (24, 7);
insert into topictags (fateid, tagid) values (24, 10);
insert into topictags (fateid, tagid) values (24, 11);
insert into topictags (fateid, tagid) values (24, 12);
insert into topictags (fateid, tagid) values (25, 3);
insert into topictags (fateid, tagid) values (25, 11);
insert into topictags (fateid, tagid) values (25, 12);
insert into topictags (fateid, tagid) values (25, 15);

INSERT INTO user (id, role, username, password) VALUES ('1', 'data', 'Frida', 'dpassword');
INSERT INTO user (id, role, username, password) VALUES ('2', 'mgr', 'Alita', 'mpassword');
INSERT INTO user (id, role, username, password) VALUES ('3', 'user', 'Conchita', 'upassword');
INSERT INTO user (id, role, username, password) VALUES ('4', 'data', 'Franny', 'dpassword');
INSERT INTO user (id, role, username, password) VALUES ('5', 'mgr', 'Manny', 'mpassword');
INSERT INTO user (id, role, username, password) VALUES ('6', 'user', 'Danny', 'upassword');

INSERT into favoritedby (id, fateid) VALUES (1, 1);
INSERT into favoritedby (id, fateid) VALUES (1, 9);
INSERT into favoritedby (id, fateid) VALUES (1, 17);
INSERT into favoritedby (id, fateid) VALUES (2, 2);
INSERT into favoritedby (id, fateid) VALUES (2, 10);
INSERT into favoritedby (id, fateid) VALUES (2, 18);
INSERT into favoritedby (id, fateid) VALUES (3, 3);
INSERT into favoritedby (id, fateid) VALUES (3, 11);
INSERT into favoritedby (id, fateid) VALUES (3, 19);
INSERT into favoritedby (id, fateid) VALUES (4, 4);
INSERT into favoritedby (id, fateid) VALUES (4, 12);
INSERT into favoritedby (id, fateid) VALUES (4, 20);
INSERT into favoritedby (id, fateid) VALUES (5, 1);
INSERT into favoritedby (id, fateid) VALUES (5, 3);
INSERT into favoritedby (id, fateid) VALUES (5, 4);
INSERT into favoritedby (id, fateid) VALUES (6, 11);
INSERT into favoritedby (id, fateid) VALUES (6, 4);
INSERT into favoritedby (id, fateid) VALUES (6, 25);